nombre_original;nombre_amigable;TAG MANTTO;TIPO;Material;TAMAÑOS;ANSI;OBSERVACIONES;TécniFicha;Imagen
Solid1_143;"TUBERÍA 4""";;Tubería de acero al carbono sin costuras o con costura longitudinal;API 5L Gr. B;De 2 a 12 in;;Normas de fabricación: PSL1 /PSL2 - Single or double Ramdon length;Activos/Documentos_Técnicos/Tuberías/TF-110.pdf;Activos/Imagenes/Tuberias/TUB1.png
Solid3_34;"BRIDA WN 4""";N/A.;Accesorios soldados/ Conexión bridada.;Acero al carbono, ASTM A105 Gr. II;4 in;600;Cuello soldable y pestaña realzada. WN-RF;;Activos/Imagenes/Brida/FLG01.png
Solid2_348;"ESPARRÁGO BRIDA 4""";N/A.;Tornillería;Acero al carbono ;Según MFR;N/A.;;;Activos/Imagenes/Esparrágo/ESP01.png
Solid2_17;"VÁLVULA DE BOLA DE 4"" (SIDE ENTRY)";VAL-101;Bola;WCB/WCC;de 2 a 4 in;150 / 600;Conexiones: FLG-RF x FLG-RF / Modelo: Side Entry;Activos/Documentos_Técnicos/Válvulas/TF-104.pdf;Activos/Imagenes/Valvulas/Valvulabola.png
Solid3_35;"BRIDA WN 4""";N/A.;Accesorios soldados/ Conexión bridada.;Acero al carbono, ASTM A105 Gr. II;4 in;600;Cuello soldable y pestaña realzada. WN-RF;;Activos/Imagenes/Brida/FLG01.png
Solid2_340;"ESPARRÁGO BRIDA 4""";N/A.;Tornillería;Acero al carbono ;Según MFR;N/A.;;;Activos/Imagenes/Esparrágo/ESP01.png
Solid7_6;"TEE RECTA 4""";N/A.;Accesorios soldados. Conexión de tubería;Acero al carbono. ASTM A234 WPB;4 in;N/A.;Dimensiones por ANSI B16.5;;Activos/Imagenes/Tuberias/TEE01.png
Solid3_350;"BRIDA WN 4""";N/A.;Accesorios soldados/ Conexión bridada.;Acero al carbono, ASTM A105 Gr. II;4 in;600;Cuello soldable y pestaña realzada. WN-RF;;Activos/Imagenes/Brida/FLG01.png
Solid2_321;"ESPARRÁGO BRIDA 4""";N/A.;Tornillería;Acero al carbono ;Según MFR;N/A.;;;Activos/Imagenes/Esparrágo/ESP01.png
Solid2_24;"VÁLVULA DE BOLA DE 4"" (SIDE ENTRY)";VAL-102;Bola;WCB/WCC;de 2 a 4 in;150 / 600;Conexiones: FLG-RF x FLG-RF / Modelo: Side Entry;Activos/Documentos_Técnicos/Válvulas/TF-104.pdf;Activos/Imagenes/Valvulas/Valvulabola.png
Solid3_338;"BRIDA WN 4""";N/A.;Accesorios soldados/ Conexión bridada.;Acero al carbono, ASTM A105 Gr. II;4 in;600;Cuello soldable y pestaña realzada. WN-RF;;Activos/Imagenes/Brida/FLG01.png
Solid1_491;"TUBERÍA 4""";;Tubería de acero al carbono sin costuras o con costura longitudinal;API 5L Gr. B;De 2 a 12 in;;Normas de fabricación: PSL1 /PSL2 - Single or double Ramdon length;Activos/Documentos_Técnicos/Tuberías/TF-110.pdf;Activos/Imagenes/Tuberias/TUB1.png
Solid1_5;"CODO 4""-90°";N/A.;Accesorios soldados. Conexión de tubería;Acero al carbono ASTM A234 WPB;4 in;N/A.;Dimensiones por ANSI B16.9;;Activos/Imagenes/Codos/COD01.png
Solid1_152;"TUBERÍA 4""";;Tubería de acero al carbono sin costuras o con costura longitudinal;API 5L Gr. B;De 2 a 12 in;;Normas de fabricación: PSL1 /PSL2 - Single or double Ramdon length;Activos/Documentos_Técnicos/Tuberías/TF-110.pdf;Activos/Imagenes/Tuberias/TUB1.png
Solid1_149;"TUBERÍA 4""";;Tubería de acero al carbono sin costuras o con costura longitudinal;API 5L Gr. B;De 2 a 12 in;;Normas de fabricación: PSL1 /PSL2 - Single or double Ramdon length;Activos/Documentos_Técnicos/Tuberías/TF-110.pdf;Activos/Imagenes/Tuberias/TUB1.png
Solid3_331;"BRIDA WN 4""";N/A.;Accesorios soldados/ Conexión bridada.;Acero al carbono, ASTM A105 Gr. II;4 in;600;Cuello soldable y pestaña realzada. WN-RF;;Activos/Imagenes/Brida/FLG01.png
Solid2_23;"VÁLVULA DE BOLA DE 4"" (SIDE ENTRY)";VAL-103;Bola;WCB/WCC;de 2 a 4 in;150 / 600;Conexiones: FLG-RF x FLG-RF / Modelo: Side Entry;Activos/Documentos_Técnicos/Válvulas/TF-104.pdf;Activos/Imagenes/Valvulas/Valvulabola.png
484D215-1-solid1;MANÓMETRO 0-1200 psig;PI-101;Manómetro bourdon;316;Dial 4.5 in;N/A.;Grado: ASME 2A / Escala: dual Psig/Bar / Conexión: 1/2 in MNPT;Activos/Documentos_Técnicos/Indicador presión/TF-106.pdf;Activos/Imagenes/Manómetros/PI01.png
EXPY45DialEtch-1-solid1_5;MANÓMETRO 0-1200 psig;PI-102;Manómetro bourdon;316;Dial 4.5 in;N/A.;Grado: ASME 2A / Escala: dual Psig/Bar / Conexión: 1/2 in MNPT;Activos/Documentos_Técnicos/Indicador presión/TF-106.pdf;Activos/Imagenes/Manómetros/PI01.png
302C209-1-solid1;MANÓMETRO 0-1200 psig;PI-103;Manómetro bourdon;316;Dial 4.5 in;N/A.;Grado: ASME 2A / Escala: dual Psig/Bar / Conexión: 1/2 in MNPT;Activos/Documentos_Técnicos/Indicador presión/TF-106.pdf;Activos/Imagenes/Manómetros/PI01.png
Solid1_660;"VÁLVULA DE AGUJA 1/2""";N/A.;Accesorios roscados;Acero inoxidable SS-316;1/2 in;N/A.;Conexiones: MNPT x FNPT;;Activos/Imagenes/Valvulas/VN02.png
Solid1_643;"NIPLE ROSCADO 1/2""DIA - 2"" LONG.";N/A.;Accesorios roscados;Acero al carbono ;"1/2""DIA - 2"" LONG.";N/A.;SCH 80 / Longitud 2 in;;Activos/Imagenes/Esparrágo/Niple01.png
Solid1_154;"TUBERÍA 4""";;Tubería de acero al carbono sin costuras o con costura longitudinal;API 5L Gr. B;De 2 a 12 in;;Normas de fabricación: PSL1 /PSL2 - Single or double Ramdon length;Activos/Documentos_Técnicos/Tuberías/TF-110.pdf;Activos/Imagenes/Tuberias/TUB1.png
Solid1_4;"CODO 4""-90°";N/A.;Accesorios soldados. Conexión de tubería;Acero al carbono ASTM A234 WPB;4 in;N/A.;Dimensiones por ANSI B16.9;;Activos/Imagenes/Codos/COD01.png
Solid1_148;"TUBERÍA 4""";;Tubería de acero al carbono sin costuras o con costura longitudinal;API 5L Gr. B;De 2 a 12 in;;Normas de fabricación: PSL1 /PSL2 - Single or double Ramdon length;Activos/Documentos_Técnicos/Tuberías/TF-110.pdf;Activos/Imagenes/Tuberias/TUB1.png
Solid1_645;"HALF COUPLING 3/4""";N/A.;Accesorios roscados;Acero al carbono, #3000;3/4 in;N/A.;Rosca FNPT;;Activos/Imagenes/Half coupling/Half01.png
Solid2_7;"NIPLE ROSCADO 3/4"" DIA - 2"" LONG";N/A.;Accesorios roscados;Acero al carbono ;"3/4""DIA - 2"" LONG.";N/A.;SCH 80 / Longitud 2 in;;Activos/Imagenes/Esparrágo/Niple01.png
����������6_14;"VÁLVULA DE BOLA 3/4""";VB-201;Válvula de bloqueo;Acero al carbono;de 1/2 a 2 in;#3000;Modelo: Bola flotante / Paso: Completo ;Activos/Documentos_Técnicos/Válvulas/TF-105.pdf;Activos/Imagenes/Valvulas/VB03.png
     3_9;"VÁLVULA DE BOLA 3/4""";;Válvula de blqueo;Carbon steel;de 2 a 12 in;;Modelo: Bola flotante / Paso: Completo /Rating: #2000 , #3000, #6000;Activos/Documentos_Técnicos/Válvulas/TF-105.pdf;Activos/Imagenes/Valvulas/VB03.png
Solid1_123;"TAPÓN DE CABEZA HEXAGONAL 1/4""";N/A.;Tornillería;Acero al carbono;1/4 in;N/A.;Dimensiones por ANSI B.18.2.1;;Activos/Imagenes/Esparrágo/TAPON01.png
Solid7_5;"TEE RECTA 4""";N/A.;Accesorios soldados. Conexión de tubería;Acero al carbono. ASTM A234 WPB;4 in;N/A.;Dimensiones por ANSI B16.5;;Activos/Imagenes/Tuberias/TEE01.png
Solid3_331;"BRIDA WN 4""";N/A.;Accesorios soldados/ Conexión bridada.;Acero al carbono, ASTM A105 Gr. II;4 in;600;Cuello soldable y pestaña realzada. WN-RF;;Activos/Imagenes/Brida/FLG01.png
Solid2_22;"VÁLVULA DE BOLA DE 4"" (SIDE ENTRY)";VAL-104;Bola;WCB/WCC;de 2 a 4 in;150 / 600;Conexiones: FLG-RF x FLG-RF / Modelo: Side Entry;Activos/Documentos_Técnicos/Válvulas/TF-104.pdf;Activos/Imagenes/Valvulas/Valvulabola.png
Solid1_464;"TUBERÍA 4""";;Tubería de acero al carbono sin costuras o con costura longitudinal;API 5L Gr. B;De 2 a 12 in;;Normas de fabricación: PSL1 /PSL2 - Single or double Ramdon length;Activos/Documentos_Técnicos/Tuberías/TF-110.pdf;Activos/Imagenes/Tuberias/TUB1.png
Sólido1_13;"CUERPO FILTRO 10""";FLT-102;Filtro vertical;Acero al carbono;10 in;600;Fabricación local de recipiente con uso de elementos filtrantes certificados;Activos/Documentos_Técnicos/Filtro/TF-102.pdf;Activos/Imagenes/Filtros/FLT01.png
Solid1_467;"TUBO ROSCADO 2""";N/A.;Tubería;Acero al carbono;2 in;N/A.;;;
Solid1_468;"CODO 2""";N/A.;Accesorios soldados. Conexión de tubería;Acero al carbono ASTM A234 WPB;2 in;600;Radio corto- 90°;;Activos/Imagenes/Codos/CODO-02.png
Solid1_469;"TUBERÍA 2""";;Tubería de acero al carbono sin costuras o con costura longitudinal;API 5L Gr. B;De 2 a 12 in;;Normas de fabricación: PSL1 /PSL2 - Single or double Ramdon length;Activos/Documentos_Técnicos/Tuberías/TF-110.pdf;Activos/Imagenes/Tuberias/TUB1.png
Srf1_3;"VÁLVULA DE GLOBO 2""";VG-102;Válvula de globo;Carbon steel; 2 in;600;Aplicación :drenaje / Accionamiento: Volanta multi vueltas;Activos/Documentos_Técnicos/Válvulas/TF-107.pdf;Activos/Imagenes/Valvulas/VG-02.png
Solid1_470;"TUBERÍA 2""";;Tubería de acero al carbono sin costuras o con costura longitudinal;API 5L Gr. B;De 2 a 12 in;;Normas de fabricación: PSL1 /PSL2 - Single or double Ramdon length;Activos/Documentos_Técnicos/Tuberías/TF-110.pdf;Activos/Imagenes/Tuberias/TUB1.png
Solid1_471;"UNIÓN UNIVERSAL 2""";N/A.;Accesorios roscados;Acero al carbono;2 in;#3000;;;Activos/Imagenes/Conector/UNIV-01.png
Solid1_472;"TUBERÍA 2""";;Tubería de acero al carbono sin costuras o con costura longitudinal;API 5L Gr. B;De 2 a 12 in;;Normas de fabricación: PSL1 /PSL2 - Single or double Ramdon length;Activos/Documentos_Técnicos/Tuberías/TF-110.pdf;Activos/Imagenes/Tuberias/TUB1.png
Solid1_473;"CODO 2""";N/A.;Accesorios soldados. Conexión de tubería;Acero al carbono ASTM A234 WPB;2 in;600;Radio Largo -90°;;Activos/Imagenes/Codos/CODO-02.png
Solid1_474;"TUBERÍA 2""";;Tubería de acero al carbono sin costuras o con costura longitudinal;API 5L Gr. B;De 2 a 12 in;;Normas de fabricación: PSL1 /PSL2 - Single or double Ramdon length;Activos/Documentos_Técnicos/Tuberías/TF-110.pdf;Activos/Imagenes/Tuberias/TUB1.png
Solid1_445;"CUERPO FILTRO 10""";FLT-102;Filtro vertical;Acero al carbono;10 in;600;Fabricación local de recipiente con uso de elementos filtrantes certificados;Activos/Documentos_Técnicos/Filtro/TF-102.pdf;Activos/Imagenes/Filtros/FLT01.png
Solid1_446;"CUERPO FILTRO 10""";FLT-102;Filtro vertical;Acero al carbono;10 in;600;Fabricación local de recipiente con uso de elementos filtrantes certificados;Activos/Documentos_Técnicos/Filtro/TF-102.pdf;Activos/Imagenes/Filtros/FLT01.png
Solid3_353;"CUERPO FILTRO 10""";FLT-102;Filtro vertical;Acero al carbono;10 in;600;Fabricación local de recipiente con uso de elementos filtrantes certificados;Activos/Documentos_Técnicos/Filtro/TF-102.pdf;Activos/Imagenes/Filtros/FLT01.png
Solid3_301;"TAPA FILTRO 10""";FLT-102;Filtro vertical;Acero al carbono;10 in;600;Fabricación local de recipiente con uso de elementos filtrantes certificados;Activos/Documentos_Técnicos/Filtro/TF-102.pdf;Activos/Imagenes/Filtros/FLT01.png
Solid3_369;"ESPARRÁGO BRIDA 10""";N/A.;Tornillería;Acero al carbono ;Según MFR;N/A.;;;Activos/Imagenes/Esparrágo/ESP01.png
Solid2_350;"ESPARRÁGO BRIDA 10""";N/A.;Tornillería;Acero al carbono ;Según MFR;N/A.;;;Activos/Imagenes/Esparrágo/ESP01.png
Solid1_465;"TUBERÍA 4""";;Tubería de acero al carbono sin costuras o con costura longitudinal;API 5L Gr. B;De 2 a 12 in;;Normas de fabricación: PSL1 /PSL2 - Single or double Ramdon length;Activos/Documentos_Técnicos/Tuberías/TF-110.pdf;Activos/Imagenes/Tuberias/TUB1.png
Solid1_490;"TUBERÍA 4""";;Tubería de acero al carbono sin costuras o con costura longitudinal;API 5L Gr. B;De 2 a 12 in;;Normas de fabricación: PSL1 /PSL2 - Single or double Ramdon length;Activos/Documentos_Técnicos/Tuberías/TF-110.pdf;Activos/Imagenes/Tuberias/TUB1.png
Solid3_324;"TAPA FILTRO 8""";FLT-101;Filtro vertical;Acero al carbono;8 in;600;Fabricación local de recipiente con uso de elementos filtrantes certificados;Activos/Documentos_Técnicos/Filtro/TF-102.pdf;Activos/Imagenes/Filtros/FLT01.png
Solid3_355;"CUERPO FILTRO 8""";FLT-101;Filtro vertical;Acero al carbono;8 in;600;Fabricación local de recipiente con uso de elementos filtrantes certificados;Activos/Documentos_Técnicos/Filtro/TF-102.pdf;Activos/Imagenes/Filtros/FLT01.png
Solid2_360;"ESPARRÁGO BRIDA 8""";N/A.;Tornillería;Acero al carbono ;Según MFR;N/A.;;;Activos/Imagenes/Esparrágo/ESP01.png
Solid3_377;"ESPARRÁGO BRIDA 8""";N/A.;Tornillería;Acero al carbono ;Según MFR;N/A.;;;Activos/Imagenes/Esparrágo/ESP01.png
Solid1_476;"CUERPO FILTRO 8""";FLT-101;Filtro vertical;Acero al carbono;8 in;600;Fabricación local de recipiente con uso de elementos filtrantes certificados;Activos/Documentos_Técnicos/Filtro/TF-102.pdf;Activos/Imagenes/Filtros/FLT01.png
Solid1_475;"CUERPO FILTRO 8""";FLT-101;Filtro vertical;Acero al carbono;8 in;600;Fabricación local de recipiente con uso de elementos filtrantes certificados;Activos/Documentos_Técnicos/Filtro/TF-102.pdf;Activos/Imagenes/Filtros/FLT01.png
Sólido1_35;"CUERPO FILTRO 8""";FLT-101;Filtro vertical;Acero al carbono;8 in;600;Fabricación local de recipiente con uso de elementos filtrantes certificados;Activos/Documentos_Técnicos/Filtro/TF-102.pdf;Activos/Imagenes/Filtros/FLT01.png
Sólido1_34;"CUERPO FILTRO 8""";FLT-101;Filtro vertical;Acero al carbono;8 in;600;Fabricación local de recipiente con uso de elementos filtrantes certificados;Activos/Documentos_Técnicos/Filtro/TF-102.pdf;Activos/Imagenes/Filtros/FLT01.png
Solid1_519;"TAPÓN DE CABEZA HEXAGONAL 1/2""";N/A.;Tornillería;Acero al carbono;1/2 in;N/A.;Dimensiones por ANSI B.18.2.1;;Activos/Imagenes/Esparrágo/TAPON01.png
Solid1_520;"TAPÓN DE CABEZA HEXAGONAL 1/2""";N/A.;Tornillería;Acero al carbono;1/2 in;N/A.;Dimensiones por ANSI B.18.2.1;;Activos/Imagenes/Esparrágo/TAPON01.png
Solid1_517;"TAPÓN DE CABEZA HEXAGONAL 1/2""";N/A.;Tornillería;Acero al carbono;1/2 in;N/A.;Dimensiones por ANSI B.18.2.1;;Activos/Imagenes/Esparrágo/TAPON01.png
Solid1_518;"TAPÓN DE CABEZA HEXAGONAL 1/2""";N/A.;Tornillería;Acero al carbono;1/2 in;N/A.;Dimensiones por ANSI B.18.2.1;;Activos/Imagenes/Esparrágo/TAPON01.png
Solid1_516;"TAPÓN DE CABEZA HEXAGONAL 1/2""";N/A.;Tornillería;Acero al carbono;1/2 in;N/A.;Dimensiones por ANSI B.18.2.1;;Activos/Imagenes/Esparrágo/TAPON01.png
Solid1_521;"TAPÓN DE CABEZA HEXAGONAL 1/2""";N/A.;Tornillería;Acero al carbono;1/2 in;N/A.;Dimensiones por ANSI B.18.2.1;;Activos/Imagenes/Esparrágo/TAPON01.png
Solid1_513;"TAPÓN DE CABEZA HEXAGONAL 1/2""";N/A.;Tornillería;Acero al carbono;1/2 in;N/A.;Dimensiones por ANSI B.18.2.1;;Activos/Imagenes/Esparrágo/TAPON01.png
Solid1_515;"TAPÓN DE CABEZA HEXAGONAL 1/2""";N/A.;Tornillería;Acero al carbono;1/2 in;N/A.;Dimensiones por ANSI B.18.2.1;;Activos/Imagenes/Esparrágo/TAPON01.png
Solid1_514;"TAPÓN DE CABEZA HEXAGONAL 1/2""";N/A.;Tornillería;Acero al carbono;1/2 in;N/A.;Dimensiones por ANSI B.18.2.1;;Activos/Imagenes/Esparrágo/TAPON01.png
Solid1_511;"TAPÓN DE CABEZA HEXAGONAL 1/2""";N/A.;Tornillería;Acero al carbono;1/2 in;N/A.;Dimensiones por ANSI B.18.2.1;;Activos/Imagenes/Esparrágo/TAPON01.png
Solid1_512;"TAPÓN DE CABEZA HEXAGONAL 1/2""";N/A.;Tornillería;Acero al carbono;1/2 in;N/A.;Dimensiones por ANSI B.18.2.1;;Activos/Imagenes/Esparrágo/TAPON01.png
Solid1_492;"HALF COUPLING 1/2""";N/A.;Accesorios roscados;Acero al carbono, #3000;1/2 in;N/A.;Rosca FNPT;;Activos/Imagenes/Half coupling/Half01.png
Solid1_493;"HALF COUPLING 1/2""";N/A.;Accesorios roscados;Acero al carbono, #3000;1/2 in;N/A.;Rosca FNPT;;Activos/Imagenes/Half coupling/Half01.png
Solid1_494;"HALF COUPLING 1/2""";N/A.;Accesorios roscados;Acero al carbono, #3000;1/2 in;N/A.;Rosca FNPT;;Activos/Imagenes/Half coupling/Half01.png
Solid1_495;"HALF COUPLING 1/2""";N/A.;Accesorios roscados;Acero al carbono, #3000;1/2 in;N/A.;Rosca FNPT;;Activos/Imagenes/Half coupling/Half01.png
Solid1_496;"HALF COUPLING 1/2""";N/A.;Accesorios roscados;Acero al carbono, #3000;1/2 in;N/A.;Rosca FNPT;;Activos/Imagenes/Half coupling/Half01.png
Solid1_497;"HALF COUPLING 1/2""";N/A.;Accesorios roscados;Acero al carbono, #3000;1/2 in;N/A.;Rosca FNPT;;Activos/Imagenes/Half coupling/Half01.png
Solid1_498;"HALF COUPLING 1/2""";N/A.;Accesorios roscados;Acero al carbono, #3000;1/2 in;N/A.;Rosca FNPT;;Activos/Imagenes/Half coupling/Half01.png
Solid1_499;"HALF COUPLING 1/2""";N/A.;Accesorios roscados;Acero al carbono, #3000;1/2 in;N/A.;Rosca FNPT;;Activos/Imagenes/Half coupling/Half01.png
Solid1_500;"HALF COUPLING 1/2""";N/A.;Accesorios roscados;Acero al carbono, #3000;1/2 in;N/A.;Rosca FNPT;;Activos/Imagenes/Half coupling/Half01.png
Solid1_501;"HALF COUPLING 1/2""";N/A.;Accesorios roscados;Acero al carbono, #3000;1/2 in;N/A.;Rosca FNPT;;Activos/Imagenes/Half coupling/Half01.png
Solid1_502;"HALF COUPLING 1/2""";N/A.;Accesorios roscados;Acero al carbono, #3000;1/2 in;N/A.;Rosca FNPT;;Activos/Imagenes/Half coupling/Half01.png
Soldadura;SOLDADURA DE EMPALME ;N/A.;Soldadura;Acero al carbono;;N/A.;;;
Soldadura_1;SOLDADURA DE EMPALME ;N/A.;Soldadura;Acero al carbono;;N/A.;;;
Solid1_503;"HALF COUPLING 1/2""";N/A.;Accesorios roscados;Acero al carbono, #3000;1/2 in;N/A.;Rosca FNPT;;Activos/Imagenes/Half coupling/Half01.png
Solid2_326;"NIPLE ROSCADO 1/2""DIA - 2"" LONG.";N/A.;Accesorios roscados;Acero al carbono ;"1/2""DIA - 2"" LONG.";N/A.;SCH 80 / Longitud 2 in;;Activos/Imagenes/Esparrágo/Niple01.png
Solid20;"VÁLVULA DE GLOBO 1""";VG-101;Válvula de globo;Carbon steel;1 in;600;Aplicación :drenaje / Accionamiento: Volanta multi vueltas;Activos/Documentos_Técnicos/Válvulas/TF-107.pdf;Activos/Imagenes/Valvulas/VG-02.png
Solid1_505;"VÁLVULA DE GLOBO 1""";VG-101;Válvula de globo;Carbon steel;1 in;600;Aplicación :drenaje / Accionamiento: Volanta multi vueltas;Activos/Documentos_Técnicos/Válvulas/TF-107.pdf;Activos/Imagenes/Valvulas/VG-02.png
Solid19;"VÁLVULA DE GLOBO 1""";VG-101;Válvula de globo;Carbon steel;1 in;600;Aplicación :drenaje / Accionamiento: Volanta multi vueltas;Activos/Documentos_Técnicos/Válvulas/TF-107.pdf;Activos/Imagenes/Valvulas/VG-02.png
Solid2_328;"NIPLE ROSCADO 1/2"" DIA - 2"" LONG";N/A.;Accesorios roscados;Acero al carbono ;"1"" DIA - 3"" LONG";N/A.;SCH 80 / Longitud 2 in;;Activos/Imagenes/Esparrágo/Niple01.png
Solid1_507;"UNIÓN UNIVERSAL 1""";N/A.;Accesorios roscados;Acero al carbono;1 in;#3000;;;Activos/Imagenes/Conector/UNIV-01.png
Solid1_508;"TUBERÍA 1"" ";;Tubería de acero al carbono sin costuras o con costura longitudinal;API 5L Gr. B;De 2 a 12 in;;Normas de fabricación: PSL1 /PSL2 - Single or double Ramdon length;Activos/Documentos_Técnicos/Tuberías/TF-110.pdf;Activos/Imagenes/Tuberias/TUB1.png
Solid1_509;"CODO 1""";N/A.;Accesorios soldados. Conexión de tubería;Acero al carbono ASTM A234 WPB;1 in;600;Radio corto- 90°;;Activos/Imagenes/Codos/COD01.png
Solid1_510;"TUBO ROSCADO 1""";N/A.;Tubería;Acero al carbono;1 in ;N/A.;;;
Sólido1_10;"SOPORTE TUBO 4""";N/A.;Soportes;Acero estructural;Según plano de ingenieria ;N/A.;Incluye wear pad;;
Solid1_140;"TUBERÍA 4""";;Tubería de acero al carbono sin costuras o con costura longitudinal;API 5L Gr. B;De 2 a 12 in;;Normas de fabricación: PSL1 /PSL2 - Single or double Ramdon length;Activos/Documentos_Técnicos/Tuberías/TF-110.pdf;Activos/Imagenes/Tuberias/TUB1.png
Solid2_340;"ESPARRÁGO BRIDA 4""";N/A.;Tornillería;Acero al carbono ;Según MFR;N/A.;;;Activos/Imagenes/Esparrágo/ESP01.png
Solid2_21;"VÁLVULA DE BOLA DE 4"" (SIDE ENTRY)";VAL-105;Bola;WCB/WCC;de 2 a 4 in;150 / 600;Conexiones: FLG-RF x FLG-RF / Modelo: Side Entry;Activos/Documentos_Técnicos/Válvulas/TF-104.pdf;Activos/Imagenes/Valvulas/Valvulabola.png
Sólido1_40;ACTUADOR PA70;;Actuador neumático;Aluminio;Para Válvulas de 2 – 6in;150-300-600;Rango de Operación: 40 – 120 Psig /Dimensionamiento recomendado: 80 Psig;Activos/Documentos_Técnicos/Actuadores/TF-103.pdf;Activos/Imagenes/Actuadores/ACT01.png
Solid1_118;SOPORTE TABLERO CONTROL DEL ACTUADOR;N/A.;Soportes;Acero estructural;Según plano de ingenieria ;N/A.;Incluye wear pad;;
Solid1_677;BASE TABLERO;N/A.;Base de tablero para sistema de control del actudaor;Acero inoxidable;Según plano de ingenieria ;;N/A.;;
Solid1_657;FILTRO TABLERO ACTUADOR;N/A.;Filtro de instrumentación;Alumino;F-252;#2150;Fabricante: Fisher, modelo F-252;;Activos/Imagenes/Filtros/FLT05.png
Solid1_627;REGULADOR 1301F_B;REG-901;Regulador auto operado;Bronce;1/4 in;#2000;;;
Solid1_545;"TEE 1/8""";;;;;;;;Activos/Imagenes/Conector/CON-03.png
Solid2_366;REGULADOR FISHER 67-CF;REG-902;Regulador auto operado;Aluminio;1/4 in;#250;;;
Solid1_530;MANÓMETRO CAUGE BAKE CONECTION;N/A.;MAN/ACC;316;1/2 in;N/A.;MNPT;Activos/Documentos_Técnicos/Indicador presión/TF-106.pdf;Activos/Imagenes/Manómetros/PI01.png
Solid1_557;MANÓMETRO CAUGE BAKE CONECTION;N/A.;MAN/ACC;316;1/2 in;N/A.;MNPT;Activos/Documentos_Técnicos/Indicador presión/TF-106.pdf;Activos/Imagenes/Manómetros/PI01.png
Solid8_3;VERSA SELENOIDE;N/A.;Accionamiento electroneumatico;Bronce;1/2 in;N/A.;;;
Solid5_1;VERSA SELENOIDE;N/A.;Accionamiento electroneumatico;Bronce;1/2 in;N/A.;;;
Solid8_6;VERSA SELENOIDE;N/A.;Accionamiento electroneumatico;Bronce;1/2 in;N/A.;;;
Solid1_539;"TEE 1/8""";;;;;;;;Activos/Imagenes/Conector/CON-03.png
Sólido5_1;LINEAS DE TUBING;N/A.;Tubería;Acero inoxidable SS-316;1/2 in;N/A.;e= 0,049 in (Espesor);;
Sólido6_2;LINEAS DE TUBING;N/A.;Tubería;Acero inoxidable SS-316;1/2 in;N/A.;e= 0,049 in (Espesor);;
Sólido4;LINEAS DE TUBING;N/A.;Tubería;Acero inoxidable SS-316;1/2 in;N/A.;e= 0,049 in (Espesor);;
Sólido5;LINEAS DE TUBING;N/A.;Tubería;Acero inoxidable SS-316;1/2 in;N/A.;e= 0,049 in (Espesor);;
Sólido7;LINEAS DE TUBING;N/A.;Tubería;Acero inoxidable SS-316;1/2 in;N/A.;e= 0,049 in (Espesor);;
Solid1_536;"TEE 1/8""";;;;;;;;Activos/Imagenes/Conector/CON-03.png
Solid1_635;LLAVE;N/A.;Accesorios;Acero al carbono;Según MFR;N/A.;;;
Solid1_121;"TUBERÍA 4""";;Tubería de acero al carbono sin costuras o con costura longitudinal;API 5L Gr. B;De 2 a 12 in;;Normas de fabricación: PSL1 /PSL2 - Single or double Ramdon length;Activos/Documentos_Técnicos/Tuberías/TF-110.pdf;Activos/Imagenes/Tuberias/TUB1.png
Solid7_3;"TEE RECTA 4""";N/A.;Accesorios soldados. Conexión de tubería;Acero al carbono. ASTM A234 WPB;4 in;N/A.;Dimensiones por ANSI B16.5;;Activos/Imagenes/Tuberias/TEE01.png
Srf1_2;VÁLVULA ALIVIO DE PRESIÓN;N/A.;Dispositivo de protección ;Bronce;1/4 in;N/A.;;;
Srf1_1;VÁLVULA ALIVIO DE PRESIÓN;N/A.;Dispositivo de protección ;Bronce;1/4 in;N/A.;;;
Solid1_531;"NIPLE ROSCADO 3/4"" DIA - 2"" LONG";N/A.;Accesorios roscados;Acero al carbono ;"3/4""DIA - 2"" LONG.";N/A.;SCH 80 / Longitud 2 in;;Activos/Imagenes/Esparrágo/Niple01.png
Solid1_546;"NIPLE ROSCADO 3/4"" DIA - 2"" LONG";N/A.;Accesorios roscados;Acero al carbono ;"3/4""DIA - 2"" LONG.";N/A.;SCH 80 / Longitud 2 in;;Activos/Imagenes/Esparrágo/Niple01.png
Solid1_547;"NIPLE ROSCADO 3/4"" DIA - 2"" LONG";N/A.;Accesorios roscados;Acero al carbono ;"3/4""DIA - 2"" LONG.";N/A.;SCH 80 / Longitud 2 in;;Activos/Imagenes/Esparrágo/Niple01.png
Solid1_537;"NIPLE ROSCADO 3/4"" DIA - 2"" LONG";N/A.;Accesorios roscados;Acero al carbono ;"3/4""DIA - 2"" LONG.";N/A.;SCH 80 / Longitud 2 in;;Activos/Imagenes/Esparrágo/Niple01.png
Solid1_538;"NIPLE ROSCADO 3/4"" DIA - 2"" LONG";N/A.;Accesorios roscados;Acero al carbono ;"3/4""DIA - 2"" LONG.";N/A.;SCH 80 / Longitud 2 in;;Activos/Imagenes/Esparrágo/Niple01.png
Solid1_554;"CONECTOR RECTO 1/4""";N/A.;Accesorios roscados;Acero inoxidable SS-316;1/4 in;N/A.;;;Activos/Imagenes/Conector/CON-01.png
Sólido2;LINEAS DE TUBING;N/A.;Tubería;Acero inoxidable SS-316;1/2 in;N/A.;e= 0,049 in (Espesor);;
Solid1_555;"CONECTOR RECTO 1/4""";N/A.;Accesorios roscados;Acero inoxidable SS-316;1/4 in;N/A.;;;Activos/Imagenes/Conector/CON-01.png
Solid1_541;"CODO 1/4"" 90°";N/A.;Conexión de tubería;Acero inoxidable SS-316;1/4 in;N/A.;;;Activos/Imagenes/Codos/CON-02.png
Solid1_542;SELENOIDE;N/A.;Accionamiento electroneumatico;Bronce;;N/A.;;;
Sólido1_15;SELENOIDE;N/A.;Accionamiento electroneumatico;Bronce;;N/A.;;;
Solid1_548;"CONECTOR RECTO 1/4""";N/A.;Accesorios roscados;Acero inoxidable SS-316;1/4 in;N/A.;;;Activos/Imagenes/Conector/CON-01.png
Sólido1_38;YEE DE CONTROL DE VELOCIDAD;N/A.;Accesorios roscados;Bronce;1/2 in;N/A.;;;
Solid1_549;"CONECTOR RECTO 1/2""";N/A.;Accesorios roscados;Acero inoxidable SS-316;1/2 in;N/A.;;;Activos/Imagenes/Conector/CON-01.png
Solid1_533;"TAPÓN DE CABEZA HEXAGONAL 3/4""";N/A.;Tornillería;Acero al carbono;3/4 in;N/A.;Dimensiones por ANSI B.18.2.1;;Activos/Imagenes/Esparrágo/TAPON01.png
Solid1_532;"TAPÓN DE CABEZA HEXAGONAL 3/4""";N/A.;Tornillería;Acero al carbono;3/4 in;N/A.;Dimensiones por ANSI B.18.2.1;;Activos/Imagenes/Esparrágo/TAPON01.png
Solid1_550;"CONECTOR RECTO 1/4""";N/A.;Accesorios roscados;Acero inoxidable SS-316;1/4 in;N/A.;;;Activos/Imagenes/Conector/CON-01.png
Solid1_556;"CODO 1/4"" 90°";N/A.;Conexión de tubería;Acero inoxidable SS-316;1/4 in;N/A.;;;Activos/Imagenes/Codos/CON-02.png
Solid1_551;"CODO 1/4"" 90°";N/A.;Conexión de tubería;Acero inoxidable SS-316;1/4 in;N/A.;;;Activos/Imagenes/Codos/CON-02.png
Solid1_31;"CONECTOR RECTO 1/4""";N/A.;Accesorios roscados;Acero inoxidable SS-316;1/4 in;N/A.;;;Activos/Imagenes/Conector/CON-01.png
Solid1_544;"TAPÓN DE CABEZA HEXAGONAL 1/2""";N/A.;Tornillería;Acero al carbono;1/2 in;N/A.;Dimensiones por ANSI B.18.2.1;;Activos/Imagenes/Esparrágo/TAPON01.png
Solid1_552;"CODO 1/4"" 90°";N/A.;Conexión de tubería;Acero inoxidable SS-316;1/4 in;N/A.;;;Activos/Imagenes/Codos/CON-02.png
Solid1_543;"CONECTOR RECTO 1/4""";N/A.;Accesorios roscados;Acero inoxidable SS-316;1/4 in;N/A.;;;Activos/Imagenes/Conector/CON-01.png
Solid1_120;"TUBERÍA 4""";;Tubería de acero al carbono sin costuras o con costura longitudinal;API 5L Gr. B;De 2 a 12 in;;Normas de fabricación: PSL1 /PSL2 - Single or double Ramdon length;Activos/Documentos_Técnicos/Tuberías/TF-110.pdf;Activos/Imagenes/Tuberias/TUB1.png
Solid7_4;"TEE RECTA 4""";N/A.;Accesorios soldados. Conexión de tubería;Acero al carbono. ASTM A234 WPB;4 in;N/A.;Dimensiones por ANSI B16.5;;Activos/Imagenes/Tuberias/TEE01.png
Solid1_133;"TUBERÍA 4""";;Tubería de acero al carbono sin costuras o con costura longitudinal;API 5L Gr. B;De 2 a 12 in;;Normas de fabricación: PSL1 /PSL2 - Single or double Ramdon length;Activos/Documentos_Técnicos/Tuberías/TF-110.pdf;Activos/Imagenes/Tuberias/TUB1.png
Solid3_331;"BRIDA WN 4""";N/A.;Accesorios soldados/ Conexión bridada.;Acero al carbono, ASTM A105 Gr. II;4 in;600;Cuello soldable y pestaña realzada. WN-RF;;Activos/Imagenes/Brida/FLG01.png
Solid2_20;"VÁLVULA DE BOLA DE 4"" (SIDE ENTRY)";VAL-106;Bola;WCB/WCC;de 2 a 4 in;150 / 600;Conexiones: FLG-RF x FLG-RF / Modelo: Side Entry;Activos/Documentos_Técnicos/Válvulas/TF-104.pdf;Activos/Imagenes/Valvulas/Valvulabola.png
Solid1_147;"TUBERÍA 4""";;Tubería de acero al carbono sin costuras o con costura longitudinal;API 5L Gr. B;De 2 a 12 in;;Normas de fabricación: PSL1 /PSL2 - Single or double Ramdon length;Activos/Documentos_Técnicos/Tuberías/TF-110.pdf;Activos/Imagenes/Tuberias/TUB1.png
Solid1_3 ;"CODO 4""-90°";N/A.;Accesorios soldados. Conexión de tubería;Acero al carbono ASTM A234 WPB;4 in;N/A.;Dimensiones por ANSI B16.9;;Activos/Imagenes/Codos/COD01.png
Solid1_137;"TUBERÍA 4""";;Tubería de acero al carbono sin costuras o con costura longitudinal;API 5L Gr. B;De 2 a 12 in;;Normas de fabricación: PSL1 /PSL2 - Single or double Ramdon length;Activos/Documentos_Técnicos/Tuberías/TF-110.pdf;Activos/Imagenes/Tuberias/TUB1.png
Solid2_19;"VÁLVULA DE BOLA DE 4"" (SIDE ENTRY)";VAL-107;Bola;WCB/WCC;de 2 a 4 in;150 / 600;Conexiones: FLG-RF x FLG-RF / Modelo: Side Entry;Activos/Documentos_Técnicos/Válvulas/TF-104.pdf;Activos/Imagenes/Valvulas/Valvulabola.png
Solid1_139;"TUBERÍA 4""";;Tubería de acero al carbono sin costuras o con costura longitudinal;API 5L Gr. B;De 2 a 12 in;;Normas de fabricación: PSL1 /PSL2 - Single or double Ramdon length;Activos/Documentos_Técnicos/Tuberías/TF-110.pdf;Activos/Imagenes/Tuberias/TUB1.png
Solid1_117;"REDUCCIÓN CONCÉNTRICA 4"" X 2""";N/A.;Accesorios soldados;Acero al carbono WPB;4in x 2in;#600;;;Activos\Imagenes\Tuberias\CONCENTRIC1.png
Solid1_138;"TUBERÍA 4""";;Tubería de acero al carbono sin costuras o con costura longitudinal;API 5L Gr. B;De 2 a 12 in;;Normas de fabricación: PSL1 /PSL2 - Single or double Ramdon length;Activos/Documentos_Técnicos/Tuberías/TF-110.pdf;Activos/Imagenes/Tuberias/TUB1.png
Solid1_113;"REDUCCIÓN CONCÉNTRICA 4"" X 2""";N/A.;Accesorios soldados;Acero al carbono WPB;4in x 2in;#600;;;Activos\Imagenes\Tuberias\CONCENTRIC1.png
Solid1_122;"TAPÓN DE CABEZA HEXAGONAL 1/2""";N/A.;Tornillería;Acero al carbono;1/2 in;N/A.;Dimensiones por ANSI B.18.2.1;;Activos/Imagenes/Esparrágo/TAPON01.png
     3_6;"TAPÓN DE CABEZA HEXAGONAL 1/2""";N/A.;Tornillería;Acero al carbono;1/2 in;N/A.;Dimensiones por ANSI B.18.2.1;;Activos/Imagenes/Esparrágo/TAPON01.png
����������6_14;"VÁLVULA DE BOLA 3/4""";VB-203;Válvula de bloqueo;Acero al carbono;de 2 a 12 in;#3000;Modelo: Bola flotante / Paso: Completo ;Activos/Documentos_Técnicos/Válvulas/TF-105.pdf;Activos/Imagenes/Valvulas/VB03.png
Solid2_4;"NIPLE ROSCADO 3/4"" DIA - 2"" LONG";N/A.;Accesorios roscados;Acero al carbono ;"3/4""DIA - 2"" LONG.";N/A.;SCH 80 / Longitud 2 in;;Activos/Imagenes/Esparrágo/Niple01.png
Solid1_559;"HALF COUPLING 3/4""";N/A.;Accesorios roscados;Acero al carbono, #3000;3/4 in;N/A.;Rosca FNPT;;Activos/Imagenes/Half coupling/Half01.png
     3_8;"TAPÓN DE CABEZA HEXAGONAL 1/2""";N/A.;Tornillería;Acero al carbono;1/2 in;N/A.;Dimensiones por ANSI B.18.2.1;;Activos/Imagenes/Esparrágo/TAPON01.png
Solid1_119;"TAPÓN DE CABEZA HEXAGONAL 1/2""";N/A.;Tornillería;Acero al carbono;1/2 in;N/A.;Dimensiones por ANSI B.18.2.1;;Activos/Imagenes/Esparrágo/TAPON01.png
����������6_14;"VÁLVULA DE BOLA 3/4""";VB-204;Válvula de bloqueo;Acero al carbono;de 2 a 12 in;#3000;Modelo: Bola flotante / Paso: Completo ;Activos/Documentos_Técnicos/Válvulas/TF-105.pdf;Activos/Imagenes/Valvulas/VB03.png
Solid2_6;"NIPLE ROSCADO 3/4"" DIA - 2"" LONG";N/A.;Accesorios roscados;Acero al carbono ;"3/4""DIA - 2"" LONG.";N/A.;SCH 80 / Longitud 2 in;;Activos/Imagenes/Esparrágo/Niple01.png
Solid3_346;"BRIDA WN 2""";N/A.;Accesorios soldados/ Conexión bridada.;Acero al carbono, ASTM A105 Gr. II;4 in;600;Cuello soldable y pestaña realzada. WN-RF;;Activos/Imagenes/Brida/FLG01.png
Solid1_223;ESPARRÁGO BRIDA2-600;N/A.;Tornillería;Acero al carbono ;Según MFR;N/A.;;;Activos/Imagenes/Esparrágo/ESP01.png
Solid1_224;ESPARRÁGO BRIDA2-600;N/A.;Tornillería;Acero al carbono ;Según MFR;N/A.;;;Activos/Imagenes/Esparrágo/ESP01.png
Solid1_225;ESPARRÁGO BRIDA2-600;N/A.;Tornillería;Acero al carbono ;Según MFR;N/A.;;;Activos/Imagenes/Esparrágo/ESP01.png
Solid1_226;ESPARRÁGO BRIDA2-600;N/A.;Tornillería;Acero al carbono ;Según MFR;N/A.;;;Activos/Imagenes/Esparrágo/ESP01.png
Solid1_227;ESPARRÁGO BRIDA2-600;N/A.;Tornillería;Acero al carbono ;Según MFR;N/A.;;;Activos/Imagenes/Esparrágo/ESP01.png
Solid1_228;ESPARRÁGO BRIDA2-600;N/A.;Tornillería;Acero al carbono ;Según MFR;N/A.;;;Activos/Imagenes/Esparrágo/ESP01.png
Solid1_229;ESPARRÁGO BRIDA2-600;N/A.;Tornillería;Acero al carbono ;Según MFR;N/A.;;;Activos/Imagenes/Esparrágo/ESP01.png
Solid1_230;ESPARRÁGO BRIDA2-600;N/A.;Tornillería;Acero al carbono ;Según MFR;N/A.;;;Activos/Imagenes/Esparrágo/ESP01.png
Solid1_231;ESPARRÁGO BRIDA2-600;N/A.;Tornillería;Acero al carbono ;Según MFR;N/A.;;;Activos/Imagenes/Esparrágo/ESP01.png
Solid1_232;ESPARRÁGO BRIDA2-600;N/A.;Tornillería;Acero al carbono ;Según MFR;N/A.;;;Activos/Imagenes/Esparrágo/ESP01.png
Solid1_233;ESPARRÁGO BRIDA2-600;N/A.;Tornillería;Acero al carbono ;Según MFR;N/A.;;;Activos/Imagenes/Esparrágo/ESP01.png
Solid1_234;ESPARRÁGO BRIDA2-600;N/A.;Tornillería;Acero al carbono ;Según MFR;N/A.;;;Activos/Imagenes/Esparrágo/ESP01.png
Solid1_235;ESPARRÁGO BRIDA2-600;N/A.;Tornillería;Acero al carbono ;Según MFR;N/A.;;;Activos/Imagenes/Esparrágo/ESP01.png
Solid1_236;ESPARRÁGO BRIDA2-600;N/A.;Tornillería;Acero al carbono ;Según MFR;N/A.;;;Activos/Imagenes/Esparrágo/ESP01.png
Solid1_237;ESPARRÁGO BRIDA2-600;N/A.;Tornillería;Acero al carbono ;Según MFR;N/A.;;;Activos/Imagenes/Esparrágo/ESP01.png
Solid1_238;ESPARRÁGO BRIDA2-600;N/A.;Tornillería;Acero al carbono ;Según MFR;N/A.;;;Activos/Imagenes/Esparrágo/ESP01.png
Solid1_239;ESPARRÁGO BRIDA2-600;N/A.;Tornillería;Acero al carbono ;Según MFR;N/A.;;;Activos/Imagenes/Esparrágo/ESP01.png
Solid1_240;ESPARRÁGO BRIDA2-600;N/A.;Tornillería;Acero al carbono ;Según MFR;N/A.;;;Activos/Imagenes/Esparrágo/ESP01.png
Solid1_241;ESPARRÁGO BRIDA2-600;N/A.;Tornillería;Acero al carbono ;Según MFR;N/A.;;;Activos/Imagenes/Esparrágo/ESP01.png
Solid1_242;ESPARRÁGO BRIDA2-600;N/A.;Tornillería;Acero al carbono ;Según MFR;N/A.;;;Activos/Imagenes/Esparrágo/ESP01.png
Solid1_243;ESPARRÁGO BRIDA2-600;N/A.;Tornillería;Acero al carbono ;Según MFR;N/A.;;;Activos/Imagenes/Esparrágo/ESP01.png
Solid1_244;ESPARRÁGO BRIDA2-600;N/A.;Tornillería;Acero al carbono ;Según MFR;N/A.;;;Activos/Imagenes/Esparrágo/ESP01.png
Solid1_245;ESPARRÁGO BRIDA2-600;N/A.;Tornillería;Acero al carbono ;Según MFR;N/A.;;;Activos/Imagenes/Esparrágo/ESP01.png
Solid1_246;ESPARRÁGO BRIDA2-600;N/A.;Tornillería;Acero al carbono ;Según MFR;N/A.;;;Activos/Imagenes/Esparrágo/ESP01.png
Solid1_247;ESPARRÁGO BRIDA2-600;N/A.;Tornillería;Acero al carbono ;Según MFR;N/A.;;;Activos/Imagenes/Esparrágo/ESP01.png
Solid1_248;ESPARRÁGO BRIDA2-600;N/A.;Tornillería;Acero al carbono ;Según MFR;N/A.;;;Activos/Imagenes/Esparrágo/ESP01.png
Solid1_249;ESPARRÁGO BRIDA2-600;N/A.;Tornillería;Acero al carbono ;Según MFR;N/A.;;;Activos/Imagenes/Esparrágo/ESP01.png
Solid1_250;ESPARRÁGO BRIDA2-600;N/A.;Tornillería;Acero al carbono ;Según MFR;N/A.;;;Activos/Imagenes/Esparrágo/ESP01.png
Solid1_251;ESPARRÁGO BRIDA2-600;N/A.;Tornillería;Acero al carbono ;Según MFR;N/A.;;;Activos/Imagenes/Esparrágo/ESP01.png
Solid1_252;ESPARRÁGO BRIDA2-600;N/A.;Tornillería;Acero al carbono ;Según MFR;N/A.;;;Activos/Imagenes/Esparrágo/ESP01.png
Solid1_253;ESPARRÁGO BRIDA2-600;N/A.;Tornillería;Acero al carbono ;Según MFR;N/A.;;;Activos/Imagenes/Esparrágo/ESP01.png
Solid1_254;ESPARRÁGO BRIDA2-600;N/A.;Tornillería;Acero al carbono ;Según MFR;N/A.;;;Activos/Imagenes/Esparrágo/ESP01.png
Solid1_255;ESPARRÁGO BRIDA2-600;N/A.;Tornillería;Acero al carbono ;Según MFR;N/A.;;;Activos/Imagenes/Esparrágo/ESP01.png
Solid1_256;ESPARRÁGO BRIDA2-600;N/A.;Tornillería;Acero al carbono ;Según MFR;N/A.;;;Activos/Imagenes/Esparrágo/ESP01.png
Solid1_257;ESPARRÁGO BRIDA2-600;N/A.;Tornillería;Acero al carbono ;Según MFR;N/A.;;;Activos/Imagenes/Esparrágo/ESP01.png
Solid1_258;ESPARRÁGO BRIDA2-600;N/A.;Tornillería;Acero al carbono ;Según MFR;N/A.;;;Activos/Imagenes/Esparrágo/ESP01.png
Solid1_259;ESPARRÁGO BRIDA2-600;N/A.;Tornillería;Acero al carbono ;Según MFR;N/A.;;;Activos/Imagenes/Esparrágo/ESP01.png
Solid1_260;ESPARRÁGO BRIDA2-600;N/A.;Tornillería;Acero al carbono ;Según MFR;N/A.;;;Activos/Imagenes/Esparrágo/ESP01.png
Solid1_261;ESPARRÁGO BRIDA2-600;N/A.;Tornillería;Acero al carbono ;Según MFR;N/A.;;;Activos/Imagenes/Esparrágo/ESP01.png
Solid1_262;ESPARRÁGO BRIDA2-600;N/A.;Tornillería;Acero al carbono ;Según MFR;N/A.;;;Activos/Imagenes/Esparrágo/ESP01.png
Solid1_263;ESPARRÁGO BRIDA2-600;N/A.;Tornillería;Acero al carbono ;Según MFR;N/A.;;;Activos/Imagenes/Esparrágo/ESP01.png
Solid1_264;ESPARRÁGO BRIDA2-600;N/A.;Tornillería;Acero al carbono ;Según MFR;N/A.;;;Activos/Imagenes/Esparrágo/ESP01.png
Solid1_265;ESPARRÁGO BRIDA2-600;N/A.;Tornillería;Acero al carbono ;Según MFR;N/A.;;;Activos/Imagenes/Esparrágo/ESP01.png
Solid1_266;ESPARRÁGO BRIDA2-600;N/A.;Tornillería;Acero al carbono ;Según MFR;N/A.;;;Activos/Imagenes/Esparrágo/ESP01.png
Solid1_598;"REGULADOR 2"" ";REG-201;Flujo axial;Aluminio;2 in;600;;Activos/Documentos_Técnicos/Regulador/TF-101.pdf;Activos/Imagenes/Reguladores/REG01.png
Solid1_599;"REGULADOR 2"" ";REG-202;Flujo axial;Aluminio;2 in;600;;Activos/Documentos_Técnicos/Regulador/TF-101.pdf;Activos/Imagenes/Reguladores/REG01.png
Solid1_24;"CONECTOR RECTO 1/2""";N/A.;Accesorios roscados;Acero inoxidable SS-316;1/2 in;N/A.;;;Activos/Imagenes/Conector/CON-01.png
Solid1_434;"CODO 1/4""";N/A.;Conexión de tubería;Acero inoxidable SS-316;1/4 in;N/A.;;;Activos/Imagenes/Codos/CON-02.png
Solid1_436;PILOTO DE CONTROL  ZSC-100;N/A.;Regulador auto operado;Aluminio;STD;600;;Activos/Documentos_Técnicos/Regulador/TF-101.pdf;Activos\Imagenes\Reguladores\ZSC01.png
Solid1_25;"CONECTOR RECTO 1/2""";N/A.;Accesorios roscados;Acero inoxidable SS-316;1/2 in;N/A.;;;Activos/Imagenes/Conector/CON-01.png
Sólido6_2;LINEAS DE TUBING;N/A.;Tubería;Acero inoxidable SS-316;1/2 in;N/A.;e= 0,049 in (Espesor);;
Sólido1_8;"SOPORTE TUBO 4""";N/A.;Soportes;Acero estructural;Según plano de ingenieria ;N/A.;Incluye wear pad;;
Sólido1_7;"SOPORTE TUBO 4""";N/A.;Soportes;Acero estructural;Según plano de ingenieria ;N/A.;Incluye wear pad;;
Sólido1_28;"SOPORTE TUBO 4""";N/A.;Soportes;Acero estructural;Según plano de ingenieria ;N/A.;Incluye wear pad;;
Solid1_112;"REDUCCIÓN CONCÉNTRICA 4"" X 2""";N/A.;Accesorios soldados;Acero al carbono WPB;4in x 2in;#600;;;Activos\Imagenes\Tuberias\CONCENTRIC1.png
Solid1_141;"TUBERÍA 4""";;Tubería de acero al carbono sin costuras o con costura longitudinal;API 5L Gr. B;De 2 a 12 in;;Normas de fabricación: PSL1 /PSL2 - Single or double Ramdon length;Activos/Documentos_Técnicos/Tuberías/TF-110.pdf;Activos/Imagenes/Tuberias/TUB1.png
Solid1_111;"REDUCCIÓN CONCÉNTRICA 4"" X 2""";N/A.;Accesorios soldados;Acero al carbono WPB;4in x 2in;#600;;;Activos\Imagenes\Tuberias\CONCENTRIC1.png
Solid1_110;"REDUCCIÓN CONCÉNTRICA 4"" X 2""";N/A.;Accesorios soldados;Acero al carbono WPB;4in x 2in;#600;;;Activos\Imagenes\Tuberias\CONCENTRIC1.png
Solid1_153;"TUBERÍA 4""";;Tubería de acero al carbono sin costuras o con costura longitudinal;API 5L Gr. B;De 2 a 12 in;;Normas de fabricación: PSL1 /PSL2 - Single or double Ramdon length;Activos/Documentos_Técnicos/Tuberías/TF-110.pdf;Activos/Imagenes/Tuberias/TUB1.png
Solid1_115;"REDUCCIÓN CONCÉNTRICA 4"" X 2""";N/A.;Accesorios soldados;Acero al carbono WPB;4in x 2in;#600;;;Activos\Imagenes\Tuberias\CONCENTRIC1.png
Solid1_116;"REDUCCIÓN CONCÉNTRICA 4"" X 2""";N/A.;Accesorios soldados;Acero al carbono WPB;4in x 2in;#600;;;Activos\Imagenes\Tuberias\CONCENTRIC1.png
Solid1_142;"TUBERÍA 4""";;Tubería de acero al carbono sin costuras o con costura longitudinal;API 5L Gr. B;De 2 a 12 in;;Normas de fabricación: PSL1 /PSL2 - Single or double Ramdon length;Activos/Documentos_Técnicos/Tuberías/TF-110.pdf;Activos/Imagenes/Tuberias/TUB1.png
Solid2_15;"NIPLE ROSCADO 3/4"" DIA - 2"" LONG";N/A.;Accesorios roscados;Acero al carbono ;"3/4""DIA - 2"" LONG.";N/A.;SCH 80 / Longitud 2 in;;Activos/Imagenes/Esparrágo/Niple01.png
Solid1_107;"REDUCCIÓN BUSHING 3/4"" X 1/2""";N/A.;Accesorios roscados;Acero al carbono WPB;3/4in x 1/2 in;#600;;;Activos\Imagenes\Tuberias\CONCENTRIC1.png
351B297-1-solid1_3;MANÓMETRO 0-1200 psig;PI-104;Manómetro bourdon;316;Dial 4.5 in;N/A.;Grado: ASME 2A / Escala: dual Psig/Bar / Conexión: 1/2 in MNPT;Activos/Documentos_Técnicos/Indicador presión/TF-106.pdf;Activos/Imagenes/Manómetros/PI01.png
484D215-1-solid1_3;MANÓMETRO 0-1200 psig;PI-104;Manómetro bourdon;316;Dial 4.5 in;N/A.;Grado: ASME 2A / Escala: dual Psig/Bar / Conexión: 1/2 in MNPT;Activos/Documentos_Técnicos/Indicador presión/TF-106.pdf;Activos/Imagenes/Manómetros/PI01.png
302C209-1-solid1_3;MANÓMETRO 0-1200 psig;PI-104;Manómetro bourdon;316;Dial 4.5 in;N/A.;Grado: ASME 2A / Escala: dual Psig/Bar / Conexión: 1/2 in MNPT;Activos/Documentos_Técnicos/Indicador presión/TF-106.pdf;Activos/Imagenes/Manómetros/PI01.png
     3_5;"VÁLVULA DE BOLA 3/4""";;Válvula de blqueo;Carbon steel;de 2 a 12 in;;Modelo: Bola flotante / Paso: Completo /Rating: #2000 , #3000, #6000;Activos/Documentos_Técnicos/Válvulas/TF-105.pdf;Activos/Imagenes/Valvulas/VB03.png
Sólido5_3;LINEAS DE TUBING;N/A.;Tubería;Acero inoxidable SS-316;1/2 in;N/A.;e= 0,049 in (Espesor);;
Sólido6 ;LINEAS DE TUBING;N/A.;Tubería;Acero inoxidable SS-316;1/2 in;N/A.;e= 0,049 in (Espesor);;
Sólido2_3;LINEAS DE TUBING;N/A.;Tubería;Acero inoxidable SS-316;1/2 in;N/A.;e= 0,049 in (Espesor);;
Sólido5_2;LINEAS DE TUBING;N/A.;Tubería;Acero inoxidable SS-316;1/2 in;N/A.;e= 0,049 in (Espesor);;
Sólido6_1;LINEAS DE TUBING;N/A.;Tubería;Acero inoxidable SS-316;1/2 in;N/A.;e= 0,049 in (Espesor);;
Sólido5_5;LINEAS DE TUBING;N/A.;Tubería;Acero inoxidable SS-316;1/2 in;N/A.;e= 0,049 in (Espesor);;
Sólido2_1;LINEAS DE TUBING;N/A.;Tubería;Acero inoxidable SS-316;1/2 in;N/A.;e= 0,049 in (Espesor);;
Sólido5_4;LINEAS DE TUBING;N/A.;Tubería;Acero inoxidable SS-316;1/2 in;N/A.;e= 0,049 in (Espesor);;
Solid1_10 ;"CODO 1/2"" 90°";N/A.;Conexión de tubería;Acero inoxidable SS-316;1/2 in;N/A.;;;Activos/Imagenes/Codos/CON-02.png
Solid1_11;"CODO 1/2"" 90°";N/A.;Conexión de tubería;Acero inoxidable SS-316;1/2 in;N/A.;;;Activos/Imagenes/Codos/CON-02.png
Solid1_6;"CODO 1/2"" 90°";N/A.;Conexión de tubería;Acero inoxidable SS-316;1/2 in;N/A.;;;Activos/Imagenes/Codos/CON-02.png
Solid1_7;"CODO 1/2"" 90°";N/A.;Conexión de tubería;Acero inoxidable SS-316;1/2 in;N/A.;;;Activos/Imagenes/Codos/CON-02.png
Solid1_14;"CONECTOR RECTO 1/2""";N/A.;Accesorios roscados;Acero inoxidable SS-316;1/2 in;N/A.;;;Activos/Imagenes/Conector/CON-01.png
Solid1_15;"CONECTOR RECTO 1/2""";N/A.;Accesorios roscados;Acero inoxidable SS-316;1/2 in;N/A.;;;Activos/Imagenes/Conector/CON-01.png
Solid1_16;"CONECTOR RECTO 1/2""";N/A.;Accesorios roscados;Acero inoxidable SS-316;1/2 in;N/A.;;;Activos/Imagenes/Conector/CON-01.png
Solid1_17;"CONECTOR RECTO 1/2""";N/A.;Accesorios roscados;Acero inoxidable SS-316;1/2 in;N/A.;;;Activos/Imagenes/Conector/CON-01.png
Solid1_18;"CONECTOR RECTO 1/2""";N/A.;Accesorios roscados;Acero inoxidable SS-316;1/2 in;N/A.;;;Activos/Imagenes/Conector/CON-01.png
Solid1_14;"CONECTOR RECTO 1/2""";N/A.;Accesorios roscados;Acero inoxidable SS-316;1/2 in;N/A.;;;Activos/Imagenes/Conector/CON-01.png
Solid1_26;"CONECTOR RECTO 1/2""";N/A.;Accesorios roscados;Acero inoxidable SS-316;1/2 in;N/A.;;;Activos/Imagenes/Conector/CON-01.png
Solid1_23;"CONECTOR RECTO 1/2""";N/A.;Accesorios roscados;Acero inoxidable SS-316;1/2 in;N/A.;;;Activos/Imagenes/Conector/CON-01.png
Solid1_12;"CONECTOR RECTO 1/2""";N/A.;Accesorios roscados;Acero inoxidable SS-316;1/2 in;N/A.;;;Activos/Imagenes/Conector/CON-01.png
Solid1_130;"TEE 1/2""";N/A.;Accesorios roscados;Acero inoxidable SS-316;1/2 in;N/A.;Minimo #3000;;Activos/Imagenes/Tuberias/TEE02.png
Solid1_131;"TEE 1/2""";N/A.;Accesorios roscados;Acero inoxidable SS-316;1/2 in;N/A.;Minimo #3000;;Activos/Imagenes/Tuberias/TEE02.png
Solid1_13;"CONECTOR RECTO 1/2""";N/A.;Accesorios roscados;Acero inoxidable SS-316;1/2 in;N/A.;;;Activos/Imagenes/Conector/CON-01.png
Solid1_442;"CODO 1/4""";N/A.;Conexión de tubería;Acero inoxidable SS-316;1/4 in;N/A.;;;Activos/Imagenes/Codos/CON-02.png
Solid1_444;PILOTO DE CONTROL  ZSC-100;N/A.;Regulador auto operado;Aluminio;STD;600;;Activos/Documentos_Técnicos/Regulador/TF-101.pdf;Activos\Imagenes\Reguladores\ZSC01.png
Solid2_5;"NIPLE ROSCADO 3/4"" DIA - 2"" LONG";N/A.;Accesorios roscados;Acero al carbono ;"3/4""DIA - 2"" LONG.";N/A.;SCH 80 / Longitud 2 in;;Activos/Imagenes/Esparrágo/Niple01.png
     3_7;"VÁLVULA DE BOLA 3/4""";;Válvula de blqueo;Carbon steel;de 2 a 12 in;;Modelo: Bola flotante / Paso: Completo /Rating: #2000 , #3000, #6000;Activos/Documentos_Técnicos/Válvulas/TF-105.pdf;Activos/Imagenes/Valvulas/VB03.png
Solid1_105;"REDUCCIÓN BUSHING 3/4"" X 1/2""";N/A.;Accesorios roscados;Acero al carbono WPB;3/4in x 1/2 in;#600;;;Activos\Imagenes\Tuberias\CONCENTRIC1.png
302C209-1-solid1_2;MANÓMETRO 0-1200 psig;PI-105;Manómetro bourdon;316;Dial 4.5 in;N/A.;Grado: ASME 2A / Escala: dual Psig/Bar / Conexión: 1/2 in MNPT;Activos/Documentos_Técnicos/Indicador presión/TF-106.pdf;Activos/Imagenes/Manómetros/PI01.png
484D215-1-solid1_2;MANÓMETRO 0-1200 psig;PI-105;Manómetro bourdon;316;Dial 4.5 in;N/A.;Grado: ASME 2A / Escala: dual Psig/Bar / Conexión: 1/2 in MNPT;Activos/Documentos_Técnicos/Indicador presión/TF-106.pdf;Activos/Imagenes/Manómetros/PI01.png
Solid1_432;PILOTO DE CONTROL  ZSC-100;N/A.;Regulador auto operado;Aluminio;STD;600;;Activos/Documentos_Técnicos/Regulador/TF-101.pdf;Activos\Imagenes\Reguladores\ZSC01.png
Solid1_440;PILOTO DE CONTROL  ZSC-100;N/A.;Regulador auto operado;Aluminio;STD;600;;Activos/Documentos_Técnicos/Regulador/TF-101.pdf;Activos\Imagenes\Reguladores\ZSC01.png
Solid1_430;"CODO 1/4""";N/A.;Conexión de tubería;Acero inoxidable SS-316;1/4 in;N/A.;;;Activos/Imagenes/Codos/CON-02.png
Solid1_438;"CODO 1/4""";N/A.;Conexión de tubería;Acero inoxidable SS-316;1/4 in;N/A.;;;Activos/Imagenes/Codos/CON-02.png
Solid1_27;"CONECTOR RECTO 1/2""";N/A.;Accesorios roscados;Acero inoxidable SS-316;1/2 in;N/A.;;;Activos/Imagenes/Conector/CON-01.png
Solid1_114;"REDUCCIÓN CONCÉNTRICA 4"" X 2""";N/A.;Accesorios soldados;Acero al carbono WPB;4in x 2in;#600;;;Activos\Imagenes\Tuberias\CONCENTRIC1.png
Solid1_155;"TUBERÍA 4""";;Tubería de acero al carbono sin costuras o con costura longitudinal;API 5L Gr. B;De 2 a 12 in;;Normas de fabricación: PSL1 /PSL2 - Single or double Ramdon length;Activos/Documentos_Técnicos/Tuberías/TF-110.pdf;Activos/Imagenes/Tuberias/TUB1.png
Solid2_14;"NIPLE ROSCADO 3/4"" DIA - 2"" LONG";N/A.;Accesorrios roscados;Acero al carbono ;"3/4""DIA - 2"" LONG.";N/A.;SCH 80 / Longitud 2 in;;Activos/Imagenes/Esparrágo/Niple01.png
Solid2_13;"NIPLE ROSCADO 3/4"" DIA - 2"" LONG";N/A.;Accesorrios roscados;Acero al carbono ;"3/4""DIA - 2"" LONG.";N/A.;SCH 80 / Longitud 2 in;;Activos/Imagenes/Esparrágo/Niple01.png
Solid2_12;"NIPLE ROSCADO 3/4"" DIA - 2"" LONG";N/A.;Accesorrios roscados;Acero al carbono ;"3/4""DIA - 2"" LONG.";N/A.;SCH 80 / Longitud 2 in;;Activos/Imagenes/Esparrágo/Niple01.png
Solid2_8;"NIPLE ROSCADO 3/4"" DIA - 2"" LONG";N/A.;Accesorrios roscados;Acero al carbono ;"3/4""DIA - 2"" LONG.";N/A.;SCH 80 / Longitud 2 in;;Activos/Imagenes/Esparrágo/Niple01.png
Solid2_9;"NIPLE ROSCADO 3/4"" DIA - 2"" LONG";N/A.;Accesorrios roscados;Acero al carbono ;"3/4""DIA - 2"" LONG.";N/A.;SCH 80 / Longitud 2 in;;Activos/Imagenes/Esparrágo/Niple01.png
Solid2_10;"NIPLE ROSCADO 3/4"" DIA - 2"" LONG";N/A.;Accesorrios roscados;Acero al carbono ;"3/4""DIA - 2"" LONG.";N/A.;SCH 80 / Longitud 2 in;;Activos/Imagenes/Esparrágo/Niple01.png
     3_11;"VÁLVULA DE BOLA 3/4""";;Válvula de blqueo;Carbon steel;de 2 a 12 in;;Modelo: Bola flotante / Paso: Completo /Rating: #2000 , #3000, #6000;Activos/Documentos_Técnicos/Válvulas/TF-105.pdf;Activos/Imagenes/Valvulas/VB03.png
3;"VÁLVULA DE BOLA 3/4""";;Válvula de blqueo;Carbon steel;de 2 a 12 in;;Modelo: Bola flotante / Paso: Completo /Rating: #2000 , #3000, #6000;Activos/Documentos_Técnicos/Válvulas/TF-105.pdf;Activos/Imagenes/Valvulas/VB03.png
     3_10;"VÁLVULA DE BOLA 3/4""";;Válvula de blqueo;Carbon steel;de 2 a 12 in;;Modelo: Bola flotante / Paso: Completo /Rating: #2000 , #3000, #6000;Activos/Documentos_Técnicos/Válvulas/TF-105.pdf;Activos/Imagenes/Valvulas/VB03.png
     3_1;"VÁLVULA DE BOLA 3/4""";;Válvula de blqueo;Carbon steel;de 2 a 12 in;;Modelo: Bola flotante / Paso: Completo /Rating: #2000 , #3000, #6000;Activos/Documentos_Técnicos/Válvulas/TF-105.pdf;Activos/Imagenes/Valvulas/VB03.png
     3_2;"VÁLVULA DE BOLA 3/4""";;Válvula de blqueo;Carbon steel;de 2 a 12 in;;Modelo: Bola flotante / Paso: Completo /Rating: #2000 , #3000, #6000;Activos/Documentos_Técnicos/Válvulas/TF-105.pdf;Activos/Imagenes/Valvulas/VB03.png
     3_1;"VÁLVULA DE BOLA 3/4""";;Válvula de blqueo;Carbon steel;de 2 a 12 in;;Modelo: Bola flotante / Paso: Completo /Rating: #2000 , #3000, #6000;Activos/Documentos_Técnicos/Válvulas/TF-105.pdf;Activos/Imagenes/Valvulas/VB03.png
     3_3;"VÁLVULA DE BOLA 3/4""";;Válvula de blqueo;Carbon steel;de 2 a 12 in;;Modelo: Bola flotante / Paso: Completo /Rating: #2000 , #3000, #6000;Activos/Documentos_Técnicos/Válvulas/TF-105.pdf;Activos/Imagenes/Valvulas/VB03.png
484D215-1-solid1_1;MANÓMETRO 0-1200 psig;PI-106;Manómetro bourdon;316;Dial 4.5 in;N/A.;Grado: ASME 2A / Escala: dual Psig/Bar / Conexión: 1/2 in MNPT;Activos/Documentos_Técnicos/Indicador presión/TF-106.pdf;Activos/Imagenes/Manómetros/PI01.png
302C209-1-solid1_1;MANÓMETRO 0-1200 psig;PI-106;Manómetro bourdon;316;Dial 4.5 in;N/A.;Grado: ASME 2A / Escala: dual Psig/Bar / Conexión: 1/2 in MNPT;Activos/Documentos_Técnicos/Indicador presión/TF-106.pdf;Activos/Imagenes/Manómetros/PI01.png
302C209-1-solid1_4;MANÓMETRO 0-1200 psig;PI-107;Manómetro bourdon;316;Dial 4.5 in;N/A.;Grado: ASME 2A / Escala: dual Psig/Bar / Conexión: 1/2 in MNPT;Activos/Documentos_Técnicos/Indicador presión/TF-106.pdf;Activos/Imagenes/Manómetros/PI01.png
484D215-1-solid1_4;MANÓMETRO 0-1200 psig;PI-107;Manómetro bourdon;316;Dial 4.5 in;N/A.;Grado: ASME 2A / Escala: dual Psig/Bar / Conexión: 1/2 in MNPT;Activos/Documentos_Técnicos/Indicador presión/TF-106.pdf;Activos/Imagenes/Manómetros/PI01.png
Solid2_2;"NIPLE ROSCADO 1/2""DIA - 2"" LONG.";N/A.;Accesorrios roscados;Acero al carbono ;"1/2""DIA - 2"" LONG.";N/A.;SCH 80 / Longitud 2 in;;Activos/Imagenes/Esparrágo/Niple01.png
Solid1_127;"TEE 1/2""";N/A.;Accesorrios roscados;Acero inoxidable SS-316;1/2 in;N/A.;Minimo #3000;;Activos/Imagenes/Tuberias/TEE02.png
Solid2_1;"NIPLE ROSCADO 1/2""DIA - 2"" LONG.";N/A.;Accesorrios roscados;Acero al carbono ;"1/2""DIA - 2"" LONG.";N/A.;SCH 80 / Longitud 2 in;;Activos/Imagenes/Esparrágo/Niple01.png
Solid1_128;"TEE 1/2""";N/A.;Accesorrios roscados;Acero inoxidable SS-316;1/2 in;N/A.;Minimo #3000;;Activos/Imagenes/Tuberias/TEE02.png
302C209-1-solid1_4;MANÓMETRO 0-1200 psig;PI-107;Manómetro bourdon;316;Dial 4.5 in;N/A.;Grado: ASME 2A / Escala: dual Psig/Bar / Conexión: 1/2 in MNPT;Activos/Documentos_Técnicos/Indicador presión/TF-106.pdf;Activos/Imagenes/Manómetros/PI01.png
484D215-1-solid1_4;MANÓMETRO 0-1200 psig;PI-107;Manómetro bourdon;316;Dial 4.5 in;N/A.;Grado: ASME 2A / Escala: dual Psig/Bar / Conexión: 1/2 in MNPT;Activos/Documentos_Técnicos/Indicador presión/TF-106.pdf;
Solid1_28;"CONECTOR RECTO 1/2""";N/A.;Accesorios roscados;Acero inoxidable SS-316;1/2 in;N/A.;;;Activos/Imagenes/Conector/CON-01.png
Sólido2_5;LINEAS DE TUBING;N/A.;Tubería;Acero inoxidable SS-316;1/2 in;N/A.;e= 0,049 in (Espesor);;
Solid1_22;"CONECTOR RECTO 1/2""";N/A.;Accesorios roscados;Acero inoxidable SS-316;1/2 in;N/A.;;;Activos/Imagenes/Conector/CON-01.png
Solid1_625; ss-4-wvcr-6-400_02;;;Génerico;;;;;
Sólido3_1;LINEAS DE TUBING;N/A.;Tubería;Acero inoxidable SS-316;1/2 in;N/A.;e= 0,049 in (Espesor);;
Sólido1_17;REGISTRADOR ANALOGICO DE PRESIÓN;REG-401;Registrador de presión;Génerico- Según MFR;STD;N/A.;Rango de presión: 0-1000 psi / Elemento sensor: Tubo Bourdon;Activos/Documentos_Técnicos/Registrador/TF-109.pdf;Activos/Imagenes/REGISTRADOR/CTRL-01.png
Solid1_30;"CONECTOR RECTO 1/4""";N/A.;Accesorios roscados;Acero inoxidable SS-316;1/4 in;N/A.;;;Activos/Imagenes/Conector/CON-01.png
Solid2_18;"VÁLVULA DE BOLA DE 4"" (SIDE ENTRY)";VAL-108;Bola;WCB/WCC;de 2 a 4 in;150 / 600;Conexiones: FLG-RF x FLG-RF / Modelo: Side Entry;Activos/Documentos_Técnicos/Válvulas/TF-104.pdf;Activos/Imagenes/Valvulas/Valvulabola.png
Solid2_16;"VÁLVULA DE BOLA DE 4"" (SIDE ENTRY)";VAL-109;Bola;WCB/WCC;de 2 a 4 in;150 / 600;Conexiones: FLG-RF x FLG-RF / Modelo: Side Entry;Activos/Documentos_Técnicos/Válvulas/TF-104.pdf;Activos/Imagenes/Valvulas/Valvulabola.png
Solid2_129;"VÁLVULA DE BOLA DE 4"" (SIDE ENTRY)";VAL-110;Bola;WCB/WCC;de 2 a 4 in;150 / 600;Conexiones: FLG-RF x FLG-RF / Modelo: Side Entry;Activos/Documentos_Técnicos/Válvulas/TF-104.pdf;Activos/Imagenes/Valvulas/Valvulabola.png
Solid7_2;"TEE RECTA 4""";N/A.;Accesorios soldados. Conexión de tubería;Acero al carbono. ASTM A234 WPB;4 in;N/A.;Dimensiones por ANSI B16.5;;Activos/Imagenes/Tuberias/TEE01.png
Solid1_151;"TUBERÍA 4""";;Tubería de acero al carbono sin costuras o con costura longitudinal;API 5L Gr. B;De 2 a 12 in;;Normas de fabricación: PSL1 /PSL2 - Single or double Ramdon length;Activos/Documentos_Técnicos/Tuberías/TF-110.pdf;Activos/Imagenes/Tuberias/TUB1.png
Solid1_8;"CODO 1/2"" 90°";N/A.;Conexión de tubería;Acero inoxidable SS-316;1/2 in;N/A.;;;Activos/Imagenes/Codos/CON-02.png
Solid1_108;"REDUCCIÓN BUSHING 3/4"" X 1/2""";N/A.;Accesorios roscados;Acero al carbono WPB;3/4in x 1/2 in;#600;;;Activos\Imagenes\Tuberias\CONCENTRIC1.png
     3_4;"VÁLVULA DE BOLA 3/4""";;Válvula de blqueo;Carbon steel;de 2 a 12 in;;Modelo: Bola flotante / Paso: Completo /Rating: #2000 , #3000, #6000;Activos/Documentos_Técnicos/Válvulas/TF-105.pdf;Activos/Imagenes/Valvulas/VB03.png
Solid2_11;"NIPLE ROSCADO 3/4"" DIA - 2"" LONG";N/A.;Accesorios roscados;Acero al carbono ;"3/4""DIA - 2"" LONG.";N/A.;SCH 80 / Longitud 2 in;;Activos/Imagenes/Esparrágo/Niple01.png
Sólido1_6;"SOPORTE TUBO 4""";N/A.;Soportes;Acero estructural;Según plano de ingenieria ;N/A.;Incluye wear pad;;
Solid3_348;"BRIDA WN 4"" ";N/A.;Accesorios soldados/ Conexión bridada.;Acero al carbono, ASTM A105 Gr. II;4 in;150;Cuello soldable y pestaña realzada. WN-RF;;Activos/Imagenes/Brida/FLG01.png
Solid2_342;"ESPARRÁGO BRIDA 4""";N/A.;Tornillería;Acero al carbono ;Según MFR;N/A.;;;Activos/Imagenes/Esparrágo/ESP01.png
Solid1_145;"TUBERÍA 4""";;Tubería de acero al carbono sin costuras o con costura longitudinal;API 5L Gr. B;De 2 a 12 in;;Normas de fabricación: PSL1 /PSL2 - Single or double Ramdon length;Activos/Documentos_Técnicos/Tuberías/TF-110.pdf;Activos/Imagenes/Tuberias/TUB1.png
Sólido1_22;MEDIDOR ROTATIVO G250;FET-456;Medidor lobular de desplazamiento positivo;STD, según MFR;G-250;150;Incluir certificado calibración bajo ISO-17025;Activos/Documentos_Técnicos/Registrador/TF-111.pdf;Activos/Imagenes/REGISTRADOR/FE01.png
Sólido1_24;MEDIDOR ROTATIVO G250;FET-456;Medidor lobular de desplazamiento positivo;STD, según MFR;G-250;150;Incluir certificado calibración bajo ISO-17025;Activos/Documentos_Técnicos/Registrador/TF-111.pdf;Activos/Imagenes/REGISTRADOR/FE01.png
Solid1_136;"TUBERÍA 4""";;Tubería de acero al carbono sin costuras o con costura longitudinal;API 5L Gr. B;De 2 a 12 in;;Normas de fabricación: PSL1 /PSL2 - Single or double Ramdon length;Activos/Documentos_Técnicos/Tuberías/TF-110.pdf;Activos/Imagenes/Tuberias/TUB1.png
Sólido1_9;"SOPORTE TUBO 4""";N/A.;Soportes;Acero estructural;Según plano de ingenieria ;N/A.;Incluye wear pad;;
Solid2_131;"VÁLVULA DE BOLA DE 4"" (SIDE ENTRY)";VAL-111;Bola;WCB/WCC;de 2 a 4 in;150 / 600;Conexiones: FLG-RF x FLG-RF / Modelo: Side Entry;Activos/Documentos_Técnicos/Válvulas/TF-104.pdf;Activos/Imagenes/Valvulas/Valvulabola.png
Sólido1_12;"SPECTACLE BLIND 4""";RO-601;Dispositivo de protección ;Acero al carbono;4 in;150;Dimensiones de acuerdo a ASME B16.48;;Activos/Imagenes/Valvulas/SPEC01.png
Solid2_344;"ESPARRÁGO BRIDA 4""";N/A.;Tornillería;Acero al carbono ;Según MFR;N/A.;;;Activos/Imagenes/Esparrágo/ESP01.png
Solid1_1;"CODO 4""-90°";N/A.;Accesorios soldados. Conexión de tubería;Acero al carbono ASTM A234 WPB;4 in;N/A.;Dimensiones por ANSI B16.9;;Activos/Imagenes/Codos/COD01.png
Solid1_21;"CONECTOR RECTO 1/2""";N/A.;Accesorios roscados;Acero inoxidable SS-316;1/2 in;N/A.;;;Activos/Imagenes/Conector/CON-01.png
Sólido6_3;LINEAS DE TUBING;N/A.;Tubería;Acero inoxidable SS-316;1/2 in;N/A.;e= 0,049 in (Espesor);;
Solid1_9;"CODO 1/2"" 90°";N/A.;Conexión de tubería;Acero inoxidable SS-316;1/2 in;N/A.;;;Activos/Imagenes/Codos/CON-02.png
Solid1_522;MANIFOLD 3 VIAS;N/A.;Accesorios;Acero inoxidable;Según MFR;N/A.;;;Activos/Imagenes/Manija/MAN01.png
Solid1_525;"TAPÓN DE CABEZA HEXAGONAL 1/2""";N/A.;Tornillería;Acero al carbono;1/2 in;N/A.;Dimensiones por ANSI B.18.2.1;;Activos/Imagenes/Esparrágo/TAPON01.png
Solid1_676;MANIJA GAUGE VALVE;N/A.;Accesorios;Acero al carbono;Según MFR;N/A.;;;Activos/Imagenes/Manija/MAN01.png
Solid2;"NIPLE ROSCADO 1/2""DIA - 2"" LONG.";N/A.;Accesorios roscados;Acero al carbono ;"1/2""DIA - 2"" LONG.";N/A.;SCH 80 / Longitud 2 in;;Activos/Imagenes/Esparrágo/Niple01.png
Sólido1_20;TRANSMISOR DE PRESIÓN;PIT-501;Instrumento de medición;Aluminio;STD;N/A.;Señal de salida:  4-20 mA (analógica)/HART/Modbus;Activos/Documentos_Técnicos/Indicador presión/TF-108.pdf;Activos/Imagenes/REGISTRADOR/PIT-01.png
Sólido1_19;TRANSMISOR DE PRESIÓN;PIT-501;Instrumento de medición;Aluminio;STD;N/A.;Señal de salida:  4-20 mA (analógica)/HART/Modbus;Activos/Documentos_Técnicos/Indicador presión/TF-108.pdf;Activos/Imagenes/REGISTRADOR/PIT-01.png
Sólido1_21;TRANSMISOR DE PRESIÓN;PIT-501;Instrumento de medición;Aluminio;STD;N/A.;Señal de salida:  4-20 mA (analógica)/HART/Modbus;Activos/Documentos_Técnicos/Indicador presión/TF-108.pdf;Activos/Imagenes/REGISTRADOR/PIT-01.png
Solid1_125;"TAPÓN DE CABEZA HEXAGONAL AVELLANADO 1/2""";N/A.;Tornillería;Acero al carbono;1/2 in;N/A.;Dimensiones por ANSI B.18.2.1;;Activos/Imagenes/Esparrágo/TAPON01.png
Solid1_126;"TAPÓN DE CABEZA HEXAGONAL AVELLANADO 1/2""";N/A.;Tornillería;Acero al carbono;1/2 in;N/A.;Dimensiones por ANSI B.18.2.1;;Activos/Imagenes/Esparrágo/TAPON01.png
Solid1_127;"TAPÓN DE CABEZA HEXAGONAL AVELLANADO 1/2""";N/A.;Tornillería;Acero al carbono;1/2 in;N/A.;Dimensiones por ANSI B.18.2.1;;Activos/Imagenes/Esparrágo/TAPON01.png
Sólido1_4;SOPORTE DE TRANSMISOR DE PRESIÓN;N/A.;Soportes;Acero estructural;Según plano de ingenieria ;N/A.;Incluye wear pad;;
Solid1_144;"TUBERÍA 4""";;Tubería de acero al carbono sin costuras o con costura longitudinal;API 5L Gr. B;De 2 a 12 in;;Normas de fabricación: PSL1 /PSL2 - Single or double Ramdon length;Activos/Documentos_Técnicos/Tuberías/TF-110.pdf;Activos/Imagenes/Tuberias/TUB1.png
Solid1_659;"TERMOPOZO DE 3/4""";TW-501;Accesorio de montaje;Acero inoxidable;3/4 in;N/A.;;;
Sólido10;LINEAS DE TUBING;N/A.;Tubería;Acero inoxidable SS-316;1/2 in;N/A.;e= 0,049 in (Espesor);;
Solid2_132;"VÁLVULA DE BOLA DE 4"" (SIDE ENTRY)";VAL-112;Bola;WCB/WCC;de 2 a 4 in;150 / 600;Conexiones: FLG-RF x FLG-RF / Modelo: Side Entry;Activos/Documentos_Técnicos/Válvulas/TF-104.pdf;Activos/Imagenes/Valvulas/Valvulabola.png
Solid1_146;"TUBERÍA 4""";;Tubería de acero al carbono sin costuras o con costura longitudinal;API 5L Gr. B;De 2 a 12 in;;Normas de fabricación: PSL1 /PSL2 - Single or double Ramdon length;Activos/Documentos_Técnicos/Tuberías/TF-110.pdf;Activos/Imagenes/Tuberias/TUB1.png
Solid7_1;"TEE RECTA 4""";N/A.;Accesorios soldados. Conexión de tubería;Acero al carbono. ASTM A234 WPB;4 in;N/A.;Dimensiones por ANSI B16.5;;Activos/Imagenes/Tuberias/TEE01.png
Solid1_135;"TUBERÍA 4""";;Tubería de acero al carbono sin costuras o con costura longitudinal;API 5L Gr. B;De 2 a 12 in;;Normas de fabricación: PSL1 /PSL2 - Single or double Ramdon length;Activos/Documentos_Técnicos/Tuberías/TF-110.pdf;Activos/Imagenes/Tuberias/TUB1.png
Solid2_130;"VÁLVULA DE BOLA DE 4"" (SIDE ENTRY)";VAL-113;Bola;WCB/WCC;de 2 a 4 in;150 / 600;Conexiones: FLG-RF x FLG-RF / Modelo: Side Entry;Activos/Documentos_Técnicos/Válvulas/TF-104.pdf;Activos/Imagenes/Valvulas/Valvulabola.png
Solid7;"TEE RECTA 4""";N/A.;Accesorios soldados. Conexión de tubería;Acero al carbono. ASTM A234 WPB;4 in;N/A.;Dimensiones por ANSI B16.5;;Activos/Imagenes/Tuberias/TEE01.png
Solid1_2;"CODO 4""-90°";N/A.;Accesorios soldados. Conexión de tubería;Acero al carbono ASTM A234 WPB;4 in;N/A.;Dimensiones por ANSI B16.9;;Activos/Imagenes/Codos/COD01.png
Solid1;"CODO 4""-90°";N/A.;Accesorios soldados. Conexión de tubería;Acero al carbono ASTM A234 WPB;4 in;N/A.;Dimensiones por ANSI B16.9;;Activos/Imagenes/Codos/COD01.png
Solid1_150;"TUBERÍA 4""";;Tubería de acero al carbono sin costuras o con costura longitudinal;API 5L Gr. B;De 2 a 12 in;;Normas de fabricación: PSL1 /PSL2 - Single or double Ramdon length;Activos/Documentos_Técnicos/Tuberías/TF-110.pdf;Activos/Imagenes/Tuberias/TUB1.png
Solid2_133;"VÁLVULA DE BOLA DE 4"" (SIDE ENTRY)";VAL-114;Bola;WCB/WCC;de 2 a 4 in;150 / 600;Conexiones: FLG-RF x FLG-RF / Modelo: Side Entry;Activos/Documentos_Técnicos/Válvulas/TF-104.pdf;Activos/Imagenes/Valvulas/Valvulabola.png
Solid3;"BRIDA CIEGA 4""";N/A.;Accesorios Conexión bridada.;Acero al carbono, ASTM A105 Gr. II;4 in;150;Pestaña realzada;;Activos/Imagenes/Brida/FLG02.png
Solid1_129;"TEE 1/2""";N/A.;Accesorios soldados;Acero inoxidable SS-316;1/2 in;N/A.;Minimo #3000;;Activos/Imagenes/Tuberias/TEE02.png
Solid1_134;"TUBERÍA 4""";;Tubería de acero al carbono sin costuras o con costura longitudinal;API 5L Gr. B;De 2 a 12 in;;Normas de fabricación: PSL1 /PSL2 - Single or double Ramdon length;Activos/Documentos_Técnicos/Tuberías/TF-110.pdf;Activos/Imagenes/Tuberias/TUB1.png
Solid1_553;"CONECTOR RECTO 1/4""";N/A.;Accesorios roscados;Acero inoxidable SS-316;1/4 in;N/A.;;;Activos/Imagenes/Conector/CON-01.png
Solid2_3;"NIPLE ROSCADO 1/2""DIA - 2"" LONG.";N/A.;Accesorio roscado ;Acero al carbono ;"1/2""DIA - 2"" LONG.";N/A.;SCH 80 / Longitud 2 in;;Activos/Imagenes/Brida/FLG01.png
